{"val_return": -652.5080435939349, "eval_episode": 399, "_timestamp": 1661310973.0196905, "_runtime": 811.6674695014954, "_step": 797, "train_rewards": -935.6977201671933, "episode": 399, "_wandb": {"runtime": 812}}