{"val_return": -1291.7569401514647, "eval_episode": 399, "_timestamp": 1661315775.7307777, "_runtime": 780.6186707019806, "_step": 797, "train_rewards": -2146.06338366184, "episode": 399, "_wandb": {"runtime": 780}}