{"val_return": -1227.3078363059058, "eval_episode": 399, "_timestamp": 1661317346.6409943, "_runtime": 782.814382314682, "_step": 797, "train_rewards": -627.1888645884461, "episode": 399, "_wandb": {"runtime": 782}}