{"val_return": -1287.0884330153199, "eval_episode": 399, "_timestamp": 1661318149.76075, "_runtime": 797.634948015213, "_step": 797, "train_rewards": -1624.1925992571794, "episode": 399, "_wandb": {"runtime": 797}}