{"val_return": -1262.839672173199, "eval_episode": 399, "_timestamp": 1661314195.7456057, "_runtime": 802.2388145923615, "_step": 797, "train_rewards": -1137.1032781950785, "episode": 399, "_wandb": {"runtime": 801}}