{"train_rewards": -2263.0473275469994, "episode": 999, "_timestamp": 1661213509.2525697, "_runtime": 3250.091658592224, "_step": 1097, "val_return": -609.1037630241152, "eval_episode": 99, "_wandb": {"runtime": 3252}}