{"val_return": -993.0586688968294, "eval_episode": 399, "_timestamp": 1661313386.2448058, "_runtime": 799.5557308197021, "_step": 797, "train_rewards": -1237.9415639994954, "episode": 399, "_wandb": {"runtime": 799}}