{"train_rewards": -361.1668498828603, "episode": 615, "_timestamp": 1661189360.1562097, "_runtime": 2083.329818725586, "_step": 675, "val_return": -407.03118103157647, "eval_episode": 61}