{"train_rewards": -449.37243768210175, "episode": 999, "_timestamp": 1661181495.941514, "_runtime": 3346.4220259189606, "_step": 1097, "val_return": -772.3282589772606, "eval_episode": 99, "_wandb": {"runtime": 3348}}