{"val_return": -1975.054276402605, "eval_episode": 399, "_timestamp": 1661316557.8945706, "_runtime": 776.7573494911194, "_step": 797, "train_rewards": -953.2608552666568, "episode": 399, "_wandb": {"runtime": 776}}