{"train_rewards": -2301.8874068631626, "episode": 883, "_timestamp": 1661219615.0823607, "_runtime": 2848.4965937137604, "_step": 970, "val_return": -1245.099833235907, "eval_episode": 88}