{"train_rewards": -750.3741591073981, "episode": 999, "_timestamp": 1661220001.3208048, "_runtime": 3234.73503780365, "_step": 1097, "val_return": -823.6291247002353, "eval_episode": 99, "_wandb": {"runtime": 3236}}