{"train_rewards": -361.9229615805822, "episode": 76, "_timestamp": 1661205975.8500686, "_runtime": 242.03094863891602, "_step": 82, "val_return": -1422.3117251859228, "eval_episode": 7}