{"train_rewards": -803.1643902220627, "episode": 999, "_timestamp": 1661216760.428052, "_runtime": 3244.8872220516205, "_step": 1097, "val_return": -1662.497067632988, "eval_episode": 99, "_wandb": {"runtime": 3246}}