{"val_return": -3896.1559524643176, "eval_episode": 64, "_timestamp": 1661310117.053856, "_runtime": 236.23718786239624, "_step": 127, "train_rewards": -2552.390225308489, "episode": 64}