{"val_return": -378.3156884696642, "eval_episode": 399, "_timestamp": 1661311774.6301434, "_runtime": 795.6646814346313, "_step": 797, "train_rewards": -475.4361238691113, "episode": 399, "_wandb": {"runtime": 795}}