{"train_rewards": -1148.1210259364414, "episode": 221, "_timestamp": 1661206713.0790052, "_runtime": 699.1200091838837, "_step": 242, "val_return": -1708.6150866146968, "eval_episode": 22}