{"val_return": -3790.972746825294, "eval_episode": 399, "_timestamp": 1661314984.6679235, "_runtime": 782.7418575286865, "_step": 797, "train_rewards": -3011.959855279201, "episode": 399, "_wandb": {"runtime": 782}}