{"val_return": -419.05900546805, "eval_episode": 399, "_timestamp": 1661312581.0386035, "_runtime": 800.5046966075897, "_step": 797, "train_rewards": -549.9701577662626, "episode": 399, "_wandb": {"runtime": 800}}