{"train_rewards": -1162.4324017485035, "episode": 73, "_timestamp": 1661189748.178434, "_runtime": 225.32340288162231, "_step": 79, "val_return": -2302.4805222671885, "eval_episode": 7}